total_rows_from_events,,,,,
2756101,,,,,
,,,,,
total_rows_from_item_properties,,,,,
20275902,,,,,
,,,,,
total_rows_from_category,,,,,
1669,,,,,
,,,,,
missing_timestamp,missing_visitor,missing_event,missing_item,missing_transaction,
0,0,0,0,2733644,
,,,,,
missing_category,missing_parent,,,,
0,25,,,,
,,,,,
timestamp,visitorid,event,itemid,transactionid,duplicate_count
1430639017006,771203,view,250578,NULL,2
1430780975099,234788,addtocart,33,NULL,2
1430788228572,594432,addtocart,311596,NULL,2
1430851280377,882313,addtocart,168717,NULL,2
1430863559288,734488,addtocart,351585,NULL,2
1430867798132,461094,addtocart,99042,NULL,2
1430962913540,1064578,addtocart,381478,NULL,2
1430969249969,798809,view,15716,NULL,2
1430971012276,458731,addtocart,233452,NULL,2
1430975038146,516184,addtocart,74952,NULL,2
1431025660068,201495,addtocart,449391,NULL,2
1431025662657,201495,addtocart,342264,NULL,2
1431027267438,719708,addtocart,425167,NULL,2
1431099199907,1012043,addtocart,311405,NULL,2
1431227648172,789980,addtocart,256164,NULL,2
1431279459661,849024,addtocart,86957,NULL,2
1431303495371,886231,addtocart,122041,NULL,2
1431328599449,798809,view,15716,NULL,2
1431340836225,146698,view,23356,NULL,2
1431355123891,777832,addtocart,55549,NULL,2
1431395776122,556819,addtocart,426690,NULL,2
1431397637839,798809,view,15716,NULL,2
1431466221424,635962,addtocart,348039,NULL,2
1431487925843,1366446,addtocart,296619,NULL,2
1431542526456,1116948,addtocart,32581,NULL,2
1431548950873,1122321,addtocart,361286,NULL,2
1431574785258,845147,addtocart,459056,NULL,2
1431574796584,845147,addtocart,459056,NULL,2
1431626151420,761482,addtocart,222328,NULL,2
1431656221355,160349,addtocart,256706,NULL,2
1431656227317,160349,addtocart,256706,NULL,2
1431657590275,683474,addtocart,185263,NULL,2
1431660315976,1143900,addtocart,35322,NULL,2
1431714122392,313117,view,330888,NULL,2
1431715374960,313117,view,330888,NULL,2
1431796572561,798809,view,15716,NULL,2
1431890583486,870894,addtocart,419420,NULL,2
1431920313763,773936,view,234874,NULL,2
1431990445910,782944,addtocart,303888,NULL,2
1431992460777,473152,view,458689,NULL,2
1432061414621,110196,addtocart,177615,NULL,2
1432070442658,1333683,addtocart,190264,NULL,2
1432152333396,711181,addtocart,228271,NULL,2
1432183969896,830141,addtocart,312717,NULL,2
1432243651273,1217051,view,382124,NULL,2
1432265465772,594247,view,457262,NULL,2
1432319016958,269127,addtocart,277890,NULL,2
1432347173750,188716,addtocart,157585,NULL,2
1432348514264,1325721,addtocart,249735,NULL,2
1432426028780,327048,view,316779,NULL,2
1432431819804,292666,addtocart,122864,NULL,2
1432518673974,256996,addtocart,235971,NULL,2
1432578814332,222665,addtocart,37199,NULL,2
1432579400269,222665,addtocart,84555,NULL,2
1432668391322,193249,addtocart,343033,NULL,2
1432687222207,34153,view,284376,NULL,2
1432707397977,12046,addtocart,205663,NULL,2
1432744104529,286507,addtocart,37199,NULL,2
1432746453644,203977,addtocart,180751,NULL,2
1432747351580,639702,addtocart,281283,NULL,2
1432776301374,952484,view,283839,NULL,2
1432834688898,164603,addtocart,18726,NULL,2
1432859909940,1348061,view,410099,NULL,2
1432861863822,619839,addtocart,172894,NULL,2
1432928828306,992140,view,277664,NULL,2
1432934077251,1163145,addtocart,129538,NULL,2
1432977862985,442748,addtocart,19545,NULL,2
1433000475955,1385109,addtocart,191063,NULL,2
1433118639221,379092,addtocart,159380,NULL,2
1433121563874,366202,addtocart,460553,NULL,2
1433128697624,674655,view,26463,NULL,2
1433180781440,1045411,addtocart,379647,NULL,2
1433265100661,198153,addtocart,48715,NULL,2
1433270868154,1268755,view,60980,NULL,2
1433274223925,366538,addtocart,252068,NULL,2
1433277134682,555487,addtocart,397642,NULL,2
1433463640728,497546,addtocart,278319,NULL,2
1433463912411,263168,addtocart,436219,NULL,2
1433475871737,1159733,addtocart,104116,NULL,2
1433549575965,952199,addtocart,61273,NULL,2
1433608617930,135091,addtocart,49911,NULL,2
1433608670607,135091,addtocart,430240,NULL,2
1433611737367,10162,addtocart,146661,NULL,2
1433634301251,612160,addtocart,258266,NULL,2
1433658733456,798809,view,15716,NULL,2
1433698067900,940804,view,115221,NULL,2
1433705761045,556317,addtocart,25147,NULL,2
1433777332205,825548,addtocart,46109,NULL,2
1433793280604,204781,addtocart,455887,NULL,2
1433797718632,601608,addtocart,139706,NULL,2
1433806134972,730336,view,101041,NULL,2
1433806599054,339347,addtocart,280647,NULL,2
1433888275123,190023,addtocart,212274,NULL,2
1433888328256,190023,addtocart,104116,NULL,2
1433888330633,190023,addtocart,338939,NULL,2
1433901471865,1255064,addtocart,340093,NULL,2
1433906349300,810637,addtocart,233439,NULL,2
1433912142785,311675,view,170811,NULL,2
1433995518028,541508,view,249692,NULL,2
1434006446744,159521,view,349475,NULL,2
1434048666205,1134975,addtocart,65801,NULL,2
1434048733008,1134975,addtocart,213500,NULL,2
1434048837335,1134975,addtocart,213500,NULL,2
1434057160907,1351437,addtocart,289927,NULL,2
1434064962206,867042,addtocart,388276,NULL,2
1434064974289,867042,addtocart,388276,NULL,2
1434088759163,243933,view,166809,NULL,2
1434160023380,796229,addtocart,22186,NULL,2
1434257670302,1251411,addtocart,358348,NULL,2
1434290393256,472749,addtocart,144149,NULL,2
1434303759386,410671,addtocart,95146,NULL,2
1434306097164,798809,view,15716,NULL,2
1434453515735,303469,addtocart,342367,NULL,2
1434468685577,618116,view,73917,NULL,2
1434492890692,1140674,view,360517,NULL,2
1434501277715,3926,addtocart,323347,NULL,2
1434521014979,1332712,addtocart,415124,NULL,2
1434550507921,802676,addtocart,224979,NULL,2
1434554962630,86506,addtocart,55418,NULL,2
1434557472129,235383,addtocart,446978,NULL,2
1434582460234,720836,addtocart,336359,NULL,2
1434589148404,1134975,addtocart,412622,NULL,2
1434647802191,958766,addtocart,359990,NULL,2
1434675144824,1203926,view,438714,NULL,2
1434680951443,105129,addtocart,329311,NULL,2
1434782181396,380548,addtocart,187934,NULL,2
1434793176603,752496,addtocart,250526,NULL,2
1434817531729,497761,addtocart,222333,NULL,2
1434846171563,93569,addtocart,358348,NULL,2
1434910024755,1283027,addtocart,77902,NULL,2
1434922789025,532646,view,167744,NULL,2
1434976004442,515852,addtocart,257584,NULL,2
1435061263018,1143599,addtocart,298868,NULL,2
1435120871310,873978,addtocart,221501,NULL,2
1435274755403,195850,addtocart,392423,NULL,2
1435278520256,509599,addtocart,184460,NULL,2
1435292101299,1360471,addtocart,3383,NULL,2
1435308445514,1152713,view,427254,NULL,3
1435368315931,33604,addtocart,272527,NULL,2
1435426538798,1152284,addtocart,416170,NULL,2
1435442317912,697113,addtocart,320970,NULL,2
1435551675683,676453,addtocart,405723,NULL,2
1435608763658,1084265,addtocart,274798,NULL,2
1435621030247,346132,addtocart,282528,NULL,2
1435630834678,551224,addtocart,81949,NULL,2
1435637968009,422864,addtocart,64084,NULL,2
1435691229669,1194818,addtocart,165230,NULL,2
1435811130034,588334,addtocart,440605,NULL,2
1435849567233,1231819,addtocart,185357,NULL,2
1435859579455,524232,addtocart,260193,NULL,2
1435874394267,982670,addtocart,154860,NULL,2
1435881536868,982670,addtocart,154860,NULL,2
1435881557787,982670,addtocart,171882,NULL,2
1435881641008,982670,addtocart,430808,NULL,2
1435881646402,982670,addtocart,105485,NULL,2
1435881787854,982670,addtocart,390545,NULL,2
1435897540799,259922,addtocart,278924,NULL,2
1435938616517,238896,view,3089,NULL,2
1435940613465,1227579,addtocart,264604,NULL,2
1435940801467,1227579,addtocart,430200,NULL,2
1435942786432,1051760,view,214415,NULL,2
1436034198376,798809,view,15716,NULL,2
1436127950917,1196211,addtocart,294267,NULL,2
1436204480708,197740,view,299222,NULL,2
1436220678772,456387,addtocart,239738,NULL,2
1436236587909,551482,addtocart,396409,NULL,2
1436284432250,581152,addtocart,259647,NULL,2
1436284438207,581152,addtocart,297145,NULL,2
1436284524745,581152,addtocart,259647,NULL,2
1436291240649,681348,view,63135,NULL,2
1436333581491,1068724,view,139207,NULL,2
1436374877024,1097126,addtocart,410884,NULL,2
1436384554653,342130,addtocart,461686,NULL,2
1436451034060,693703,view,438412,NULL,2
1436505016242,382025,addtocart,287449,NULL,2
1436505023791,382025,addtocart,88432,NULL,2
1436505130641,382025,addtocart,136815,NULL,2
1436531333060,1096281,view,409449,NULL,2
1436555750218,656325,view,43599,NULL,2
1436576756137,798809,view,15716,NULL,2
1436584340927,1005247,addtocart,215868,NULL,2
1436589223208,1331470,view,420960,NULL,2
1436676244519,1336420,addtocart,350629,NULL,2
1436756169723,1113366,addtocart,29156,NULL,2
1436762458285,826070,addtocart,436641,NULL,2
1436803593800,949142,addtocart,369158,NULL,2
1436819247221,416496,addtocart,322501,NULL,2
1436823266656,99225,addtocart,238942,NULL,2
1436834996068,1369546,addtocart,409804,NULL,2
1436912200239,357464,addtocart,409804,NULL,2
1436912239622,357464,addtocart,409804,NULL,2
1436912249994,357464,addtocart,409804,NULL,2
1436990677701,1008481,addtocart,170173,NULL,2
1436992576103,565491,addtocart,29196,NULL,2
1436992854956,751335,addtocart,65000,NULL,2
1436992902770,751335,addtocart,459911,NULL,2
1437013141435,792995,view,199018,NULL,2
1437066579989,94392,addtocart,88432,NULL,2
1437068585689,538840,addtocart,208939,NULL,2
1437068587571,538840,addtocart,367079,NULL,2
1437075174918,837430,addtocart,370188,NULL,2
1437077276907,1218598,addtocart,79823,NULL,2
1437090438257,983143,addtocart,431728,NULL,2
1437090452282,983143,addtocart,431728,NULL,2
1437090456429,983143,addtocart,431728,NULL,2
1437090458790,983143,addtocart,208939,NULL,2
1437090467527,983143,addtocart,208939,NULL,2
1437090470620,983143,addtocart,444190,NULL,2
1437117493088,1144128,view,207389,NULL,2
1437146545221,1008739,addtocart,274599,NULL,2
1437173541711,813191,view,217108,NULL,2
1437282016156,38907,view,129757,NULL,2
1437356927398,283621,addtocart,313902,NULL,2
1437419615080,1014701,addtocart,376151,NULL,2
1437419669348,1014701,addtocart,360033,NULL,2
1437487656618,407779,addtocart,179601,NULL,2
1437510312353,614161,addtocart,466064,NULL,2
1437510329900,614161,addtocart,446222,NULL,2
1437510665576,313763,addtocart,312728,NULL,2
1437510742296,313763,addtocart,315911,NULL,2
1437511473095,1024238,addtocart,431468,NULL,2
1437534171707,571513,addtocart,381941,NULL,2
1437600122152,831961,view,349506,NULL,2
1437618685216,648578,addtocart,180405,NULL,2
1437618701298,648578,addtocart,180405,NULL,2
1437625787488,968098,addtocart,158448,NULL,2
1437627286309,735886,view,89075,NULL,2
1437632286245,1259582,addtocart,34480,NULL,2
1437634118347,918640,addtocart,461686,NULL,2
1437669178415,1321070,addtocart,287449,NULL,2
1437669231474,1321070,addtocart,431728,NULL,2
1437669234774,1321070,addtocart,431728,NULL,2
1437686455201,408161,addtocart,98051,NULL,2
1437686472420,408161,addtocart,98051,NULL,2
1437689204995,855097,addtocart,73297,NULL,2
1437702132566,1172809,view,69292,NULL,2
1437709767931,413981,addtocart,188770,NULL,2
1437709802941,413981,addtocart,47334,NULL,2
1437721712900,34327,addtocart,245822,NULL,2
1437733239526,198980,addtocart,299222,NULL,2
1437748172409,681348,view,63135,NULL,2
1437775286269,1239366,addtocart,340960,NULL,2
1437780212052,202567,addtocart,315916,NULL,2
1437780266901,202567,addtocart,65892,NULL,2
1437799757662,787097,addtocart,280328,NULL,2
1437813674277,60794,addtocart,296989,NULL,2
1437871849566,975720,addtocart,349802,NULL,2
1437873167015,687817,addtocart,164400,NULL,2
1437874185904,1121883,addtocart,436766,NULL,2
1437905450102,628136,addtocart,321054,NULL,2
1437923497014,396294,addtocart,262519,NULL,2
1437927388032,1249088,addtocart,416974,NULL,2
1437935094643,721771,addtocart,341081,NULL,2
1437943460197,101367,addtocart,64713,NULL,2
1437949735657,951289,view,5190,NULL,2
1437949922659,36668,addtocart,332629,NULL,2
1437949923991,36668,addtocart,332629,NULL,2
1437962744076,538354,addtocart,280647,NULL,2
1437962747457,538354,addtocart,92271,NULL,2
1437968112259,1382285,addtocart,88399,NULL,2
1438015857162,1153564,addtocart,287449,NULL,2
1438021606548,703155,addtocart,185855,NULL,2
1438030213315,1391729,addtocart,348157,NULL,2
1438035319816,760596,addtocart,266900,NULL,2
1438062694418,365194,addtocart,371794,NULL,2
1438105897550,303661,addtocart,19789,NULL,2
1438106027586,119389,addtocart,390167,NULL,2
1438106034318,119389,addtocart,167827,NULL,2
1438106037938,119389,addtocart,387504,NULL,2
1438134974152,424519,view,129441,NULL,2
1438141817812,29482,addtocart,373384,NULL,2
1438204639980,564375,addtocart,441437,NULL,2
1438243662212,1200677,view,361447,NULL,2
1438275011591,627622,addtocart,171875,NULL,2
1438300653261,1332928,addtocart,307119,NULL,2
1438314056675,820467,addtocart,263217,NULL,2
1438346018813,722488,view,97303,NULL,2
1438370523152,896869,addtocart,85004,NULL,2
1438376127329,372829,addtocart,388276,NULL,2
1438378507708,415611,addtocart,177728,NULL,2
1438380494334,515622,addtocart,123548,NULL,2
1438387119147,902727,addtocart,68448,NULL,2
1438405570135,708442,addtocart,392883,NULL,2
1438445688283,466665,addtocart,413841,NULL,2
1438460048712,1252362,addtocart,107853,NULL,2
1438460053428,1252362,addtocart,107853,NULL,2
1438464270919,707544,addtocart,135900,NULL,2
1438480583179,452835,addtocart,236414,NULL,2
1438533997928,453995,addtocart,26678,NULL,2
1438557717637,50010,view,369768,NULL,2
1438563992379,274945,view,177382,NULL,2
1438618537416,464760,addtocart,869,NULL,2
1438618537634,464760,addtocart,869,NULL,2
1438625503308,252425,addtocart,202512,NULL,2
1438645038223,871349,addtocart,239351,NULL,2
1438650539084,951289,view,5190,NULL,3
1438652076318,1009201,addtocart,324079,NULL,2
1438665539180,179654,addtocart,332980,NULL,2
1438708370387,1277748,addtocart,370223,NULL,2
1438721406222,1303048,addtocart,170859,NULL,2
1438749886852,691253,addtocart,465750,NULL,2
1438759281741,1063228,addtocart,96680,NULL,2
1438834481266,739828,addtocart,173291,NULL,2
1438835218262,843284,addtocart,358348,NULL,2
1438854294677,103331,addtocart,422613,NULL,2
1438864475162,1356918,view,259551,NULL,2
1438880723106,354804,addtocart,4537,NULL,2
1438883296327,935429,addtocart,67707,NULL,2
1438891663006,119292,addtocart,342746,NULL,2
1438894805590,1022380,addtocart,303229,NULL,2
1438923300713,456987,addtocart,183087,NULL,2
1439002789379,444222,addtocart,373637,NULL,2
1439052799864,110597,addtocart,261437,NULL,2
1439055126567,471222,addtocart,102825,NULL,2
1439067583988,1038112,addtocart,19789,NULL,2
1439069182938,1365939,addtocart,17419,NULL,2
1439089127695,444528,addtocart,55834,NULL,2
1439148795650,110597,addtocart,286924,NULL,2
1439164565046,110597,addtocart,46051,NULL,2
1439172351383,171367,addtocart,425228,NULL,2
1439227094811,684702,addtocart,92814,NULL,2
1439228852928,230173,addtocart,135282,NULL,2
1439235366587,1372373,addtocart,453978,NULL,2
1439244188152,699502,view,225778,NULL,2
1439244921082,959808,view,192875,NULL,2
1439256542853,676577,addtocart,49946,NULL,2
1439297586395,649320,addtocart,408673,NULL,2
1439301888220,1267080,addtocart,42222,NULL,2
1439317813185,559816,addtocart,307883,NULL,2
1439319955974,492613,view,60422,NULL,2
1439332440526,945529,addtocart,380212,NULL,2
1439402900895,123599,addtocart,157307,NULL,2
1439426641454,1266027,addtocart,96940,NULL,2
1439426647829,1266027,addtocart,96940,NULL,2
1439432103816,1317636,addtocart,438823,NULL,2
1439432105395,1317636,addtocart,438823,NULL,2
1439488026577,821736,view,249103,NULL,2
1439489235091,978968,addtocart,57548,NULL,2
1439492719824,1064109,view,267629,NULL,2
1439516742696,110597,addtocart,269953,NULL,2
1439516825163,110597,addtocart,159184,NULL,2
1439516840787,110597,addtocart,220858,NULL,2
1439520502395,27288,addtocart,239736,NULL,2
1439585920878,948127,addtocart,5473,NULL,2
1439617053024,1046589,addtocart,232172,NULL,2
1439619350739,799386,addtocart,22926,NULL,2
1439651022911,907653,addtocart,189208,NULL,2
1439683462952,155618,addtocart,380014,NULL,2
1439748653654,189767,addtocart,181019,NULL,2
1439748742761,189767,addtocart,224941,NULL,2
1439748743214,189767,addtocart,224941,NULL,2
1439754413562,26315,addtocart,157680,NULL,2
1439784042281,1385272,view,382724,NULL,2
1439814159789,448836,addtocart,49466,NULL,2
1439825893137,501626,addtocart,194010,NULL,2
1439830202573,515669,view,56500,NULL,2
1439832313169,766004,view,176995,NULL,2
1439836264623,1079973,addtocart,12748,NULL,2
1439836270658,1079973,addtocart,12748,NULL,2
1439836789273,1079973,addtocart,300648,NULL,2
1439838019089,995322,view,441071,NULL,2
1439846099965,110597,addtocart,412326,NULL,2
1439869473874,772587,addtocart,185081,NULL,2
1439905072199,1321861,view,273872,NULL,2
1439914862705,259086,addtocart,234215,NULL,2
1439942646376,1114275,view,225584,NULL,2
1439953254166,738410,addtocart,217703,NULL,2
1439955572020,1342481,view,212557,NULL,2
1439956365595,673242,addtocart,248744,NULL,2
1439960107709,136982,view,405442,NULL,2
1440014803254,473248,addtocart,305503,NULL,2
1440022218069,1246900,addtocart,267871,NULL,2
1440022225424,1246900,addtocart,267871,NULL,2
1440022240096,1246900,addtocart,267871,NULL,2
1440044157440,1177355,view,161623,NULL,2
1440045495636,495177,addtocart,458733,NULL,2
1440046458149,32358,addtocart,252344,NULL,2
1440129132038,225482,addtocart,446934,NULL,2
1440129250594,859710,addtocart,47028,NULL,2
1440140409224,414767,view,459084,NULL,2
1440141065290,843838,addtocart,101156,NULL,2
1440186720714,425107,addtocart,304839,NULL,2
1440192683251,1248077,view,153708,NULL,2
1440217417174,1352863,addtocart,41958,NULL,2
1440218183353,1234907,addtocart,36229,NULL,2
1440253973035,1151201,addtocart,465511,NULL,2
1440259174190,551844,view,223355,NULL,2
1440469490697,26429,addtocart,306482,NULL,2
1440522032838,688257,addtocart,411556,NULL,2
1440547735041,745,addtocart,246164,NULL,2
1440557411319,1348241,view,10169,NULL,2
1440578911896,518432,addtocart,434277,NULL,2
1440613816085,1312570,addtocart,348196,NULL,2
1440631946260,293806,addtocart,170701,NULL,2
1440649806610,357348,addtocart,207420,NULL,2
1440667397593,449421,addtocart,239065,NULL,2
1440692410141,737341,addtocart,217617,NULL,2
1440692419001,737341,addtocart,217617,NULL,2
1440696729162,356300,addtocart,355874,NULL,2
1440811066346,488349,addtocart,451373,NULL,2
1440817610810,366075,view,448736,NULL,2
1440853880655,1355680,addtocart,441343,NULL,2
1440955161679,940921,addtocart,248733,NULL,2
1441021335072,350519,addtocart,391484,NULL,2
1441040880228,1189591,addtocart,17419,NULL,2
1441061947324,441371,view,20432,NULL,2
1441128663001,1367928,view,149735,NULL,2
1441130693439,579174,view,196552,NULL,2
1441137806382,602018,view,248930,NULL,2
1441151647762,12560,addtocart,272976,NULL,2
1441153005958,1260261,addtocart,411934,NULL,2
1441211790461,235754,addtocart,431344,NULL,2
1441215658682,409848,addtocart,187494,NULL,2
1441236273811,906977,addtocart,65273,NULL,2
1441238799655,837941,addtocart,61512,NULL,2
1441259671712,1241373,addtocart,191763,NULL,2
1441294276664,283162,addtocart,297965,NULL,2
1441296818886,133146,addtocart,367648,NULL,2
1441304059942,518659,addtocart,459654,NULL,2
1441390080744,380374,view,449571,NULL,2
1441393074384,979248,addtocart,272813,NULL,2
1441393754063,662041,addtocart,391189,NULL,2
1441405951360,1001937,addtocart,203002,NULL,2
1441458949130,411911,addtocart,13092,NULL,2
1441472171436,488953,addtocart,102197,NULL,2
1441489209177,412215,addtocart,457970,NULL,2
1441497348322,599416,view,328314,NULL,2
1441511146086,1242092,addtocart,146155,NULL,2
1441562755532,1186855,addtocart,302329,NULL,2
1441635227207,1388583,view,461686,NULL,2
1441637800948,1248077,view,153708,NULL,2
1441691707249,649039,view,423397,NULL,2
1441729009535,1032403,addtocart,285948,NULL,2
1441746582392,723931,addtocart,218794,NULL,2
1441748925717,1171546,addtocart,49242,NULL,2
1441771632726,951852,addtocart,359778,NULL,2
1441833530491,1125432,addtocart,66691,NULL,2
1441933342572,1057613,addtocart,460187,NULL,2
1441933343385,1057613,addtocart,460187,NULL,2
1441949482255,1380848,view,428825,NULL,2
1441983653058,407459,addtocart,191106,NULL,2
1442083585764,1011052,view,241868,NULL,2
1442112968537,1247540,addtocart,316465,NULL,2
1442166824032,1308083,addtocart,423982,NULL,2
1442187728132,788972,addtocart,180566,NULL,2
1442197395603,635317,addtocart,37554,NULL,2
1442201877512,1200621,view,304745,NULL,2
1442204337074,614476,addtocart,234618,NULL,2
1442206065627,921324,addtocart,264604,NULL,2
1442237237250,738999,addtocart,399503,NULL,2
1442248903203,963278,addtocart,6432,NULL,2
1442252722369,884138,view,180337,NULL,2
1442263633497,1348077,addtocart,380212,NULL,2
1442288303177,547360,addtocart,438322,NULL,2
1442328582160,1305512,view,273560,NULL,2
1442435309784,739520,addtocart,308273,NULL,2
1442502594303,159701,addtocart,139030,NULL,2
1442525777257,143657,addtocart,37115,NULL,2
,,,,,
event,total_events,,,,
view,2664312,,,,
addtocart,69332,,,,
transaction,22457,,,,
,,,,,
unique_visitors,,,,,
1407580,,,,,
,,,,,
unique_products,,,,,
235061,,,,,
,,,,,
purchases,,,,,
22457,,,,,
,,,,,
property,,,,,
0,,,,,
1,,,,,
10,,,,,
100,,,,,
1000,,,,,
1001,,,,,
1002,,,,,
1003,,,,,
1004,,,,,
1005,,,,,
1006,,,,,
1007,,,,,
1008,,,,,
1009,,,,,
101,,,,,
1010,,,,,
1011,,,,,
1012,,,,,
1013,,,,,
1014,,,,,
1015,,,,,
1016,,,,,
1017,,,,,
1018,,,,,
1019,,,,,
102,,,,,
1020,,,,,
1021,,,,,
1022,,,,,
1023,,,,,
1024,,,,,
1025,,,,,
1026,,,,,
1027,,,,,
1028,,,,,
1029,,,,,
103,,,,,
1030,,,,,
1031,,,,,
1032,,,,,
1033,,,,,
1034,,,,,
1035,,,,,
1036,,,,,
1037,,,,,
1038,,,,,
1039,,,,,
104,,,,,
1040,,,,,
1041,,,,,
1042,,,,,
1043,,,,,
1044,,,,,
1045,,,,,
1046,,,,,
1047,,,,,
1048,,,,,
1049,,,,,
105,,,,,
1050,,,,,
1051,,,,,
1052,,,,,
1053,,,,,
1054,,,,,
1055,,,,,
1056,,,,,
1057,,,,,
1058,,,,,
1059,,,,,
106,,,,,
1060,,,,,
1061,,,,,
1062,,,,,
1063,,,,,
1064,,,,,
1065,,,,,
1066,,,,,
1067,,,,,
1068,,,,,
1069,,,,,
107,,,,,
1070,,,,,
1071,,,,,
1072,,,,,
1073,,,,,
1074,,,,,
1075,,,,,
1076,,,,,
1077,,,,,
1078,,,,,
1079,,,,,
108,,,,,
1080,,,,,
1081,,,,,
1082,,,,,
1083,,,,,
1084,,,,,
1085,,,,,
1086,,,,,
1087,,,,,
1088,,,,,
1089,,,,,
109,,,,,
1090,,,,,
1091,,,,,
1092,,,,,
1093,,,,,
1094,,,,,
1095,,,,,
1096,,,,,
1097,,,,,
1098,,,,,
1099,,,,,
11,,,,,
110,,,,,
1100,,,,,
1101,,,,,
1102,,,,,
1103,,,,,
1104,,,,,
111,,,,,
112,,,,,
113,,,,,
114,,,,,
115,,,,,
116,,,,,
117,,,,,
118,,,,,
119,,,,,
12,,,,,
120,,,,,
121,,,,,
122,,,,,
123,,,,,
124,,,,,
125,,,,,
126,,,,,
127,,,,,
128,,,,,
129,,,,,
13,,,,,
130,,,,,
131,,,,,
132,,,,,
133,,,,,
134,,,,,
135,,,,,
136,,,,,
137,,,,,
138,,,,,
139,,,,,
14,,,,,
140,,,,,
141,,,,,
142,,,,,
143,,,,,
144,,,,,
145,,,,,
146,,,,,
147,,,,,
148,,,,,
149,,,,,
15,,,,,
150,,,,,
151,,,,,
152,,,,,
153,,,,,
154,,,,,
155,,,,,
156,,,,,
157,,,,,
158,,,,,
159,,,,,
16,,,,,
160,,,,,
161,,,,,
162,,,,,
163,,,,,
164,,,,,
165,,,,,
166,,,,,
167,,,,,
168,,,,,
169,,,,,
17,,,,,
170,,,,,
171,,,,,
172,,,,,
173,,,,,
174,,,,,
175,,,,,
176,,,,,
177,,,,,
178,,,,,
179,,,,,
18,,,,,
180,,,,,
181,,,,,
182,,,,,
183,,,,,
184,,,,,
185,,,,,
186,,,,,
187,,,,,
188,,,,,
189,,,,,
19,,,,,
190,,,,,
191,,,,,
192,,,,,
193,,,,,
194,,,,,
195,,,,,
196,,,,,
197,,,,,
198,,,,,
199,,,,,
2,,,,,
20,,,,,
200,,,,,
201,,,,,
202,,,,,
203,,,,,
204,,,,,
205,,,,,
206,,,,,
207,,,,,
208,,,,,
209,,,,,
21,,,,,
210,,,,,
211,,,,,
212,,,,,
213,,,,,
214,,,,,
215,,,,,
216,,,,,
217,,,,,
218,,,,,
219,,,,,
22,,,,,
220,,,,,
221,,,,,
222,,,,,
223,,,,,
224,,,,,
225,,,,,
227,,,,,
228,,,,,
229,,,,,
23,,,,,
230,,,,,
231,,,,,
232,,,,,
233,,,,,
234,,,,,
235,,,,,
236,,,,,
237,,,,,
238,,,,,
239,,,,,
24,,,,,
240,,,,,
241,,,,,
242,,,,,
243,,,,,
244,,,,,
245,,,,,
246,,,,,
247,,,,,
248,,,,,
249,,,,,
25,,,,,
250,,,,,
251,,,,,
252,,,,,
253,,,,,
254,,,,,
255,,,,,
256,,,,,
257,,,,,
258,,,,,
259,,,,,
26,,,,,
260,,,,,
261,,,,,
262,,,,,
263,,,,,
264,,,,,
265,,,,,
266,,,,,
267,,,,,
268,,,,,
269,,,,,
27,,,,,
270,,,,,
271,,,,,
272,,,,,
273,,,,,
274,,,,,
275,,,,,
276,,,,,
277,,,,,
278,,,,,
279,,,,,
28,,,,,
280,,,,,
281,,,,,
282,,,,,
283,,,,,
284,,,,,
285,,,,,
286,,,,,
287,,,,,
288,,,,,
289,,,,,
29,,,,,
290,,,,,
291,,,,,
292,,,,,
293,,,,,
294,,,,,
295,,,,,
296,,,,,
297,,,,,
298,,,,,
299,,,,,
3,,,,,
30,,,,,
300,,,,,
301,,,,,
302,,,,,
303,,,,,
304,,,,,
305,,,,,
306,,,,,
307,,,,,
308,,,,,
309,,,,,
31,,,,,
310,,,,,
311,,,,,
312,,,,,
313,,,,,
314,,,,,
315,,,,,
316,,,,,
317,,,,,
318,,,,,
319,,,,,
32,,,,,
320,,,,,
321,,,,,
322,,,,,
323,,,,,
324,,,,,
325,,,,,
326,,,,,
327,,,,,
328,,,,,
329,,,,,
33,,,,,
330,,,,,
331,,,,,
332,,,,,
333,,,,,
334,,,,,
335,,,,,
336,,,,,
337,,,,,
338,,,,,
339,,,,,
34,,,,,
340,,,,,
341,,,,,
342,,,,,
343,,,,,
344,,,,,
345,,,,,
346,,,,,
347,,,,,
348,,,,,
349,,,,,
35,,,,,
350,,,,,
351,,,,,
352,,,,,
353,,,,,
354,,,,,
355,,,,,
356,,,,,
357,,,,,
358,,,,,
359,,,,,
36,,,,,
360,,,,,
361,,,,,
362,,,,,
363,,,,,
364,,,,,
365,,,,,
366,,,,,
367,,,,,
368,,,,,
369,,,,,
37,,,,,
370,,,,,
371,,,,,
372,,,,,
373,,,,,
374,,,,,
375,,,,,
376,,,,,
377,,,,,
378,,,,,
379,,,,,
38,,,,,
380,,,,,
381,,,,,
382,,,,,
383,,,,,
384,,,,,
385,,,,,
386,,,,,
387,,,,,
388,,,,,
389,,,,,
39,,,,,
390,,,,,
391,,,,,
392,,,,,
393,,,,,
394,,,,,
395,,,,,
396,,,,,
397,,,,,
398,,,,,
399,,,,,
4,,,,,
40,,,,,
400,,,,,
401,,,,,
402,,,,,
403,,,,,
404,,,,,
405,,,,,
406,,,,,
407,,,,,
408,,,,,
409,,,,,
41,,,,,
410,,,,,
411,,,,,
412,,,,,
413,,,,,
414,,,,,
415,,,,,
416,,,,,
417,,,,,
418,,,,,
419,,,,,
42,,,,,
420,,,,,
421,,,,,
422,,,,,
423,,,,,
424,,,,,
425,,,,,
426,,,,,
427,,,,,
428,,,,,
429,,,,,
43,,,,,
430,,,,,
431,,,,,
432,,,,,
433,,,,,
434,,,,,
435,,,,,
436,,,,,
437,,,,,
438,,,,,
439,,,,,
44,,,,,
440,,,,,
441,,,,,
442,,,,,
443,,,,,
444,,,,,
445,,,,,
446,,,,,
447,,,,,
448,,,,,
449,,,,,
45,,,,,
450,,,,,
451,,,,,
452,,,,,
453,,,,,
454,,,,,
455,,,,,
456,,,,,
457,,,,,
458,,,,,
459,,,,,
46,,,,,
460,,,,,
461,,,,,
462,,,,,
463,,,,,
464,,,,,
465,,,,,
466,,,,,
467,,,,,
468,,,,,
469,,,,,
47,,,,,
470,,,,,
471,,,,,
472,,,,,
473,,,,,
475,,,,,
476,,,,,
477,,,,,
478,,,,,
479,,,,,
48,,,,,
480,,,,,
481,,,,,
482,,,,,
483,,,,,
484,,,,,
485,,,,,
486,,,,,
487,,,,,
488,,,,,
489,,,,,
49,,,,,
490,,,,,
491,,,,,
492,,,,,
493,,,,,
494,,,,,
495,,,,,
496,,,,,
497,,,,,
498,,,,,
499,,,,,
5,,,,,
50,,,,,
500,,,,,
501,,,,,
502,,,,,
503,,,,,
504,,,,,
505,,,,,
506,,,,,
507,,,,,
508,,,,,
509,,,,,
51,,,,,
510,,,,,
511,,,,,
512,,,,,
513,,,,,
514,,,,,
515,,,,,
516,,,,,
517,,,,,
518,,,,,
519,,,,,
52,,,,,
520,,,,,
521,,,,,
522,,,,,
523,,,,,
524,,,,,
525,,,,,
526,,,,,
527,,,,,
528,,,,,
529,,,,,
53,,,,,
530,,,,,
531,,,,,
532,,,,,
533,,,,,
534,,,,,
535,,,,,
536,,,,,
537,,,,,
538,,,,,
539,,,,,
54,,,,,
540,,,,,
541,,,,,
542,,,,,
543,,,,,
544,,,,,
545,,,,,
546,,,,,
547,,,,,
548,,,,,
549,,,,,
55,,,,,
550,,,,,
551,,,,,
552,,,,,
553,,,,,
554,,,,,
555,,,,,
556,,,,,
557,,,,,
558,,,,,
559,,,,,
56,,,,,
560,,,,,
561,,,,,
562,,,,,
563,,,,,
564,,,,,
565,,,,,
566,,,,,
567,,,,,
568,,,,,
569,,,,,
57,,,,,
570,,,,,
571,,,,,
572,,,,,
573,,,,,
574,,,,,
575,,,,,
576,,,,,
577,,,,,
578,,,,,
579,,,,,
58,,,,,
580,,,,,
581,,,,,
582,,,,,
583,,,,,
584,,,,,
585,,,,,
586,,,,,
587,,,,,
588,,,,,
589,,,,,
59,,,,,
590,,,,,
591,,,,,
592,,,,,
593,,,,,
594,,,,,
595,,,,,
596,,,,,
597,,,,,
598,,,,,
599,,,,,
6,,,,,
60,,,,,
600,,,,,
601,,,,,
602,,,,,
603,,,,,
604,,,,,
605,,,,,
606,,,,,
607,,,,,
608,,,,,
609,,,,,
61,,,,,
610,,,,,
611,,,,,
612,,,,,
613,,,,,
614,,,,,
615,,,,,
616,,,,,
617,,,,,
618,,,,,
619,,,,,
62,,,,,
620,,,,,
621,,,,,
622,,,,,
623,,,,,
624,,,,,
625,,,,,
626,,,,,
627,,,,,
628,,,,,
629,,,,,
63,,,,,
630,,,,,
631,,,,,
632,,,,,
633,,,,,
634,,,,,
635,,,,,
636,,,,,
637,,,,,
638,,,,,
639,,,,,
64,,,,,
640,,,,,
641,,,,,
642,,,,,
643,,,,,
644,,,,,
645,,,,,
646,,,,,
647,,,,,
648,,,,,
649,,,,,
65,,,,,
650,,,,,
651,,,,,
652,,,,,
653,,,,,
654,,,,,
655,,,,,
656,,,,,
657,,,,,
658,,,,,
659,,,,,
66,,,,,
660,,,,,
661,,,,,
662,,,,,
663,,,,,
664,,,,,
665,,,,,
666,,,,,
667,,,,,
668,,,,,
669,,,,,
67,,,,,
670,,,,,
671,,,,,
672,,,,,
673,,,,,
674,,,,,
675,,,,,
676,,,,,
677,,,,,
678,,,,,
679,,,,,
68,,,,,
680,,,,,
681,,,,,
682,,,,,
683,,,,,
684,,,,,
685,,,,,
686,,,,,
687,,,,,
688,,,,,
689,,,,,
69,,,,,
690,,,,,
691,,,,,
692,,,,,
693,,,,,
694,,,,,
695,,,,,
696,,,,,
697,,,,,
698,,,,,
699,,,,,
7,,,,,
70,,,,,
700,,,,,
701,,,,,
702,,,,,
703,,,,,
704,,,,,
705,,,,,
706,,,,,
707,,,,,
708,,,,,
709,,,,,
71,,,,,
710,,,,,
711,,,,,
712,,,,,
713,,,,,
714,,,,,
715,,,,,
716,,,,,
717,,,,,
718,,,,,
719,,,,,
72,,,,,
720,,,,,
721,,,,,
722,,,,,
723,,,,,
724,,,,,
725,,,,,
726,,,,,
727,,,,,
728,,,,,
729,,,,,
73,,,,,
730,,,,,
731,,,,,
732,,,,,
733,,,,,
734,,,,,
735,,,,,
736,,,,,
737,,,,,
738,,,,,
739,,,,,
74,,,,,
740,,,,,
741,,,,,
742,,,,,
743,,,,,
744,,,,,
745,,,,,
746,,,,,
747,,,,,
748,,,,,
749,,,,,
75,,,,,
750,,,,,
751,,,,,
752,,,,,
753,,,,,
754,,,,,
755,,,,,
756,,,,,
757,,,,,
758,,,,,
759,,,,,
76,,,,,
760,,,,,
761,,,,,
762,,,,,
763,,,,,
764,,,,,
765,,,,,
766,,,,,
767,,,,,
768,,,,,
769,,,,,
77,,,,,
770,,,,,
771,,,,,
772,,,,,
773,,,,,
774,,,,,
775,,,,,
776,,,,,
777,,,,,
778,,,,,
779,,,,,
78,,,,,
780,,,,,
781,,,,,
782,,,,,
783,,,,,
784,,,,,
785,,,,,
786,,,,,
787,,,,,
788,,,,,
789,,,,,
79,,,,,
790,,,,,
791,,,,,
792,,,,,
793,,,,,
794,,,,,
795,,,,,
796,,,,,
797,,,,,
798,,,,,
799,,,,,
8,,,,,
80,,,,,
800,,,,,
801,,,,,
802,,,,,
803,,,,,
804,,,,,
805,,,,,
806,,,,,
807,,,,,
808,,,,,
809,,,,,
81,,,,,
810,,,,,
811,,,,,
812,,,,,
813,,,,,
814,,,,,
815,,,,,
816,,,,,
817,,,,,
818,,,,,
819,,,,,
82,,,,,
820,,,,,
821,,,,,
822,,,,,
823,,,,,
824,,,,,
825,,,,,
826,,,,,
827,,,,,
828,,,,,
829,,,,,
83,,,,,
830,,,,,
831,,,,,
832,,,,,
833,,,,,
834,,,,,
835,,,,,
836,,,,,
837,,,,,
838,,,,,
839,,,,,
84,,,,,
840,,,,,
841,,,,,
842,,,,,
843,,,,,
844,,,,,
845,,,,,
846,,,,,
847,,,,,
848,,,,,
849,,,,,
85,,,,,
850,,,,,
851,,,,,
852,,,,,
853,,,,,
854,,,,,
855,,,,,
856,,,,,
857,,,,,
858,,,,,
859,,,,,
86,,,,,
860,,,,,
861,,,,,
862,,,,,
863,,,,,
864,,,,,
865,,,,,
866,,,,,
867,,,,,
868,,,,,
869,,,,,
87,,,,,
870,,,,,
871,,,,,
872,,,,,
873,,,,,
874,,,,,
875,,,,,
876,,,,,
877,,,,,
878,,,,,
879,,,,,
88,,,,,
880,,,,,
881,,,,,
882,,,,,
883,,,,,
884,,,,,
885,,,,,
886,,,,,
887,,,,,
888,,,,,
889,,,,,
89,,,,,
890,,,,,
891,,,,,
892,,,,,
893,,,,,
894,,,,,
895,,,,,
896,,,,,
897,,,,,
898,,,,,
899,,,,,
9,,,,,
90,,,,,
900,,,,,
901,,,,,
902,,,,,
903,,,,,
904,,,,,
905,,,,,
906,,,,,
907,,,,,
908,,,,,
909,,,,,
91,,,,,
910,,,,,
911,,,,,
912,,,,,
913,,,,,
914,,,,,
915,,,,,
916,,,,,
917,,,,,
918,,,,,
919,,,,,
92,,,,,
920,,,,,
921,,,,,
922,,,,,
923,,,,,
924,,,,,
925,,,,,
926,,,,,
927,,,,,
928,,,,,
929,,,,,
93,,,,,
930,,,,,
931,,,,,
932,,,,,
933,,,,,
934,,,,,
935,,,,,
936,,,,,
937,,,,,
938,,,,,
939,,,,,
94,,,,,
940,,,,,
941,,,,,
942,,,,,
943,,,,,
944,,,,,
945,,,,,
947,,,,,
948,,,,,
949,,,,,
95,,,,,
950,,,,,
951,,,,,
952,,,,,
953,,,,,
954,,,,,
955,,,,,
956,,,,,
957,,,,,
958,,,,,
959,,,,,
96,,,,,
960,,,,,
961,,,,,
962,,,,,
963,,,,,
964,,,,,
965,,,,,
966,,,,,
967,,,,,
968,,,,,
969,,,,,
97,,,,,
970,,,,,
971,,,,,
972,,,,,
973,,,,,
974,,,,,
975,,,,,
976,,,,,
977,,,,,
978,,,,,
979,,,,,
98,,,,,
980,,,,,
981,,,,,
982,,,,,
983,,,,,
984,,,,,
985,,,,,
986,,,,,
987,,,,,
988,,,,,
989,,,,,
99,,,,,
990,,,,,
991,,,,,
992,,,,,
993,,,,,
994,,,,,
995,,,,,
996,,,,,
997,,,,,
998,,,,,
999,,,,,
available,,,,,
categoryid,,,,,
,,,,,
property,frequency,,,,
888,3000398,,,,
790,1790516,,,,
available,1503639,,,,
categoryid,788214,,,,
6,631471,,,,
283,597419,,,,
776,574220,,,,
678,481966,,,,
364,476486,,,,
202,448938,,,,
839,417239,,,,
917,417227,,,,
159,417053,,,,
764,417053,,,,
112,417053,,,,
227,347492,,,,
698,289849,,,,
451,264416,,,,
663,240813,,,,
962,239372,,,,
400,216481,,,,
689,214225,,,,
28,172393,,,,
928,160818,,,,
1036,146246,,,,
810,142575,,,,
348,113303,,,,
544,113246,,,,
713,104931,,,,
1032,82805,,,,
19,75744,,,,
566,72966,,,,
581,68009,,,,
978,64569,,,,
981,62513,,,,
720,55349,,,,
243,54216,,,,
38,54141,,,,
46,54141,,,,
960,54141,,,,
434,54141,,,,
71,52620,,,,
797,51271,,,,
591,50640,,,,
961,49627,,,,
441,49187,,,,
486,48335,,,,
225,48277,,,,
575,47613,,,,
915,46572,,,,
230,43687,,,,
496,43515,,,,
188,41925,,,,
0,41406,,,,
42,40336,,,,
719,39645,,,,
550,39120,,,,
558,38577,,,,
490,37100,,,,
521,35806,,,,
686,35451,,,,
104,35431,,,,
1066,35111,,,,
761,34991,,,,
480,34326,,,,
765,32778,,,,
369,32513,,,,
61,31671,,,,
681,30915,,,,
33,30883,,,,
619,29884,,,,
213,29041,,,,
546,28989,,,,
846,28731,,,,
935,28579,,,,
102,28435,,,,
758,27865,,,,
964,27658,,,,
335,27009,,,,
186,26834,,,,
452,26647,,,,
976,26336,,,,
478,26302,,,,
830,26033,,,,
785,25393,,,,
468,25317,,,,
807,24285,,,,
235,23580,,,,
120,23138,,,,
941,23113,,,,
763,23111,,,,
921,22221,,,,
1090,22174,,,,
107,21793,,,,
506,21496,,,,
784,20948,,,,
1054,20535,,,,
588,20500,,,,
696,20445,,,,
620,20334,,,,
956,20094,,,,
501,20094,,,,
101,20094,,,,
354,20094,,,,
852,20094,,,,
529,19899,,,,
49,19887,,,,
447,19823,,,,
204,19712,,,,
931,19181,,,,
771,18862,,,,
570,17776,,,,
653,17429,,,,
595,17414,,,,
415,17362,,,,
751,17258,,,,
398,17018,,,,
993,16752,,,,
561,16752,,,,
631,16441,,,,
994,16417,,,,
602,16292,,,,
671,15998,,,,
189,15365,,,,
701,14851,,,,
709,14434,,,,
675,14152,,,,
456,13977,,,,
208,13361,,,,
815,13239,,,,
470,13158,,,,
813,13118,,,,
704,12950,,,,
438,12708,,,,
83,12574,,,,
658,12168,,,,
30,12118,,,,
611,12092,,,,
119,11879,,,,
1081,11829,,,,
614,11765,,,,
753,11536,,,,
837,11502,,,,
96,11453,,,,
405,11366,,,,
628,11247,,,,
293,11247,,,,
584,11247,,,,
847,11247,,,,
867,11247,,,,
553,11244,,,,
646,11244,,,,
74,11243,,,,
637,11243,,,,
654,11095,,,,
464,10701,,,,
332,10593,,,,
881,10562,,,,
1014,10562,,,,
624,10562,,,,
685,10562,,,,
47,10562,,,,
277,10481,,,,
1031,10481,,,,
35,10104,,,,
410,9895,,,,
325,9587,,,,
1028,9559,,,,
275,9543,,,,
124,9540,,,,
982,9514,,,,
892,9485,,,,
264,9256,,,,
580,9082,,,,
355,9082,,,,
408,9082,,,,
1037,9082,,,,
231,9082,,,,
988,9082,,,,
809,9077,,,,
914,9049,,,,
422,9045,,,,
1079,9042,,,,
899,8896,,,,
942,8842,,,,
1092,8813,,,,
461,8302,,,,
62,8129,,,,
955,8128,,,,
630,8079,,,,
638,7906,,,,
161,7877,,,,
908,7843,,,,
314,7751,,,,
900,7734,,,,
108,7728,,,,
460,7302,,,,
1095,7231,,,,
987,7211,,,,
509,7186,,,,
313,7163,,,,
503,7120,,,,
246,7118,,,,
543,7108,,,,
884,6926,,,,
536,6842,,,,
842,6627,,,,
491,6567,,,,
322,6536,,,,
8,6496,,,,
841,6394,,,,
515,6385,,,,
794,6355,,,,
606,6328,,,,
648,6324,,,,
66,6319,,,,
297,6319,,,,
747,6319,,,,
854,6319,,,,
851,6319,,,,
545,6319,,,,
142,6319,,,,
141,6319,,,,
898,6319,,,,
974,6319,,,,
406,6319,,,,
122,6319,,,,
939,6319,,,,
585,6319,,,,
176,6319,,,,
707,6319,,,,
278,6319,,,,
726,6246,,,,
636,6225,,,,
783,6196,,,,
113,6104,,,,
139,6039,,,,
969,6001,,,,
294,5968,,,,
1058,5944,,,,
953,5941,,,,
792,5935,,,,
15,5841,,,,
392,5827,,,,
523,5816,,,,
378,5814,,,,
397,5721,,,,
1080,5708,,,,
1,5649,,,,
819,5649,,,,
920,5649,,,,
775,5630,,,,
1041,5607,,,,
9,5597,,,,
457,5551,,,,
1057,5526,,,,
642,5499,,,,
469,5498,,,,
281,5498,,,,
60,5447,,,,
270,5323,,,,
617,5284,,,,
327,5173,,,,
586,5153,,,,
127,5142,,,,
54,5138,,,,
932,5123,,,,
957,5123,,,,
59,5067,,,,
307,5016,,,,
1075,4955,,,,
728,4924,,,,
693,4885,,,,
992,4884,,,,
222,4868,,,,
1064,4792,,,,
736,4783,,,,
431,4769,,,,
334,4687,,,,
25,4667,,,,
93,4662,,,,
710,4587,,,,
98,4492,,,,
551,4483,,,,
384,4433,,,,
745,4371,,,,
676,4356,,,,
346,4356,,,,
569,4356,,,,
344,4352,,,,
140,4316,,,,
1008,4316,,,,
284,4267,,,,
411,4247,,,,
185,4236,,,,
238,4220,,,,
296,4220,,,,
280,4220,,,,
768,4215,,,,
730,4214,,,,
40,4170,,,,
997,4141,,,,
1025,4130,,,,
300,4099,,,,
1004,4054,,,,
1051,3960,,,,
980,3892,,,,
645,3745,,,,
11,3740,,,,
594,3738,,,,
805,3697,,,,
1056,3694,,,,
869,3678,,,,
814,3668,,,,
343,3663,,,,
495,3663,,,,
621,3653,,,,
897,3633,,,,
936,3631,,,,
114,3629,,,,
795,3628,,,,
1097,3601,,,,
510,3541,,,,
680,3541,,,,
375,3527,,,,
513,3520,,,,
893,3421,,,,
279,3378,,,,
152,3366,,,,
748,3353,,,,
215,3353,,,,
563,3353,,,,
290,3353,,,,
796,3353,,,,
945,3353,,,,
22,3353,,,,
716,3353,,,,
971,3353,,,,
258,3353,,,,
589,3352,,,,
966,3342,,,,
660,3226,,,,
505,3210,,,,
302,3195,,,,
446,3195,,,,
697,3195,,,,
605,3195,,,,
311,3195,,,,
286,3195,,,,
99,3195,,,,
905,3195,,,,
430,3195,,,,
89,3195,,,,
640,3195,,,,
207,3195,,,,
659,3195,,,,
705,3195,,,,
1048,3195,,,,
1044,3193,,,,
192,3193,,,,
458,3151,,,,
210,3131,,,,
214,3115,,,,
600,3090,,,,
664,3052,,,,
1050,3015,,,,
910,3007,,,,
65,2974,,,,
665,2949,,,,
1009,2934,,,,
977,2934,,,,
879,2932,,,,
382,2921,,,,
177,2919,,,,
36,2906,,,,
12,2903,,,,
1000,2853,,,,
45,2830,,,,
727,2820,,,,
540,2803,,,,
105,2781,,,,
803,2772,,,,
423,2771,,,,
985,2758,,,,
938,2757,,,,
253,2757,,,,
324,2755,,,,
835,2754,,,,
714,2749,,,,
695,2748,,,,
684,2738,,,,
887,2656,,,,
181,2642,,,,
679,2618,,,,
178,2606,,,,
76,2606,,,,
409,2574,,,,
549,2565,,,,
862,2558,,,,
708,2546,,,,
729,2514,,,,
806,2502,,,,
669,2502,,,,
175,2502,,,,
804,2502,,,,
224,2502,,,,
233,2439,,,,
542,2420,,,,
735,2380,,,,
934,2366,,,,
592,2333,,,,
749,2310,,,,
925,2283,,,,
379,2235,,,,
259,2185,,,,
328,2142,,,,
518,2127,,,,
349,2034,,,,
418,2030,,,,
228,2022,,,,
197,2010,,,,
740,1991,,,,
69,1991,,,,
417,1991,,,,
198,1991,,,,
674,1989,,,,
479,1959,,,,
1052,1937,,,,
1068,1937,,,,
465,1879,,,,
767,1833,,,,
972,1825,,,,
652,1786,,,,
87,1760,,,,
1074,1758,,,,
1006,1747,,,,
833,1729,,,,
603,1724,,,,
16,1706,,,,
362,1699,,,,
450,1669,,,,
134,1618,,,,
80,1599,,,,
52,1599,,,,
895,1599,,,,
123,1594,,,,
389,1575,,,,
949,1552,,,,
144,1545,,,,
548,1541,,,,
759,1527,,,,
1034,1527,,,,
151,1527,,,,
219,1527,,,,
780,1527,,,,
316,1527,,,,
256,1527,,,,
265,1526,,,,
339,1514,,,,
273,1493,,,,
372,1488,,,,
587,1481,,,,
487,1461,,,,
404,1461,,,,
306,1460,,,,
822,1457,,,,
1093,1449,,,,
242,1449,,,,
439,1449,,,,
752,1446,,,,
453,1436,,,,
160,1433,,,,
1059,1428,,,,
773,1420,,,,
560,1420,,,,
547,1400,,,,
1073,1358,,,,
829,1356,,,,
562,1348,,,,
1021,1335,,,,
206,1330,,,,
448,1327,,,,
333,1324,,,,
492,1319,,,,
173,1311,,,,
13,1308,,,,
802,1231,,,,
466,1210,,,,
725,1209,,,,
271,1208,,,,
743,1187,,,,
1084,1186,,,,
475,1178,,,,
459,1161,,,,
90,1159,,,,
329,1155,,,,
853,1153,,,,
922,1149,,,,
94,1149,,,,
373,1148,,,,
538,1142,,,,
607,1142,,,,
944,1110,,,,
991,1100,,,,
413,1096,,,,
1022,1082,,,,
1012,1082,,,,
347,1082,,,,
746,1082,,,,
292,1080,,,,
1094,1071,,,,
199,1070,,,,
951,1070,,,,
268,1049,,,,
1001,1047,,,,
865,1043,,,,
454,1035,,,,
109,991,,,,
1086,991,,,,
419,991,,,,
50,991,,,,
305,991,,,,
831,991,,,,
894,991,,,,
338,990,,,,
1096,988,,,,
481,977,,,,
319,973,,,,
578,970,,,,
734,969,,,,
524,967,,,,
250,964,,,,
153,960,,,,
445,958,,,,
649,946,,,,
77,946,,,,
493,946,,,,
788,946,,,,
29,945,,,,
786,933,,,,
996,931,,,,
1017,920,,,,
323,918,,,,
889,911,,,,
723,911,,,,
573,911,,,,
639,911,,,,
407,905,,,,
774,905,,,,
880,887,,,,
604,882,,,,
326,882,,,,
1013,879,,,,
32,870,,,,
116,870,,,,
811,870,,,,
789,870,,,,
221,862,,,,
863,859,,,,
647,855,,,,
903,834,,,,
168,834,,,,
249,834,,,,
26,834,,,,
688,809,,,,
340,795,,,,
866,776,,,,
1060,772,,,,
84,760,,,,
929,760,,,,
1077,755,,,,
737,754,,,,
350,751,,,,
555,748,,,,
320,745,,,,
131,708,,,,
821,693,,,,
574,672,,,,
1042,672,,,,
916,663,,,,
571,657,,,,
533,657,,,,
512,656,,,,
72,656,,,,
23,656,,,,
959,656,,,,
156,656,,,,
257,656,,,,
164,652,,,,
201,641,,,,
655,624,,,,
868,607,,,,
165,607,,,,
115,603,,,,
484,602,,,,
500,597,,,,
262,597,,,,
299,594,,,,
432,591,,,,
526,591,,,,
1038,578,,,,
420,568,,,,
618,567,,,,
376,565,,,,
998,565,,,,
828,564,,,,
483,561,,,,
622,558,,,,
1053,555,,,,
554,554,,,,
1067,554,,,,
808,554,,,,
909,550,,,,
739,545,,,,
732,544,,,,
216,541,,,,
223,535,,,,
402,534,,,,
608,522,,,,
118,522,,,,
163,522,,,,
298,522,,,,
68,522,,,,
625,522,,,,
731,520,,,,
927,515,,,,
295,503,,,,
1078,501,,,,
51,501,,,,
1083,501,,,,
755,500,,,,
717,500,,,,
64,500,,,,
891,492,,,,
613,492,,,,
858,492,,,,
86,492,,,,
766,492,,,,
88,491,,,,
597,491,,,,
401,491,,,,
14,491,,,,
948,491,,,,
125,491,,,,
1070,491,,,,
1007,491,,,,
901,491,,,,
818,491,,,,
356,491,,,,
143,491,,,,
429,491,,,,
904,491,,,,
947,491,,,,
583,491,,,,
317,491,,,,
541,489,,,,
121,487,,,,
455,486,,,,
155,486,,,,
911,485,,,,
644,481,,,,
237,480,,,,
10,468,,,,
517,466,,,,
754,466,,,,
70,466,,,,
690,466,,,,
196,466,,,,
179,466,,,,
902,466,,,,
873,464,,,,
661,463,,,,
845,462,,,,
848,454,,,,
635,454,,,,
73,448,,,,
220,447,,,,
193,443,,,,
1043,441,,,,
656,439,,,,
291,439,,,,
387,439,,,,
668,439,,,,
610,439,,,,
1033,439,,,,
1098,439,,,,
1055,439,,,,
826,439,,,,
149,439,,,,
793,434,,,,
672,428,,,,
906,414,,,,
687,414,,,,
421,412,,,,
912,405,,,,
336,404,,,,
777,400,,,,
390,398,,,,
612,390,,,,
251,388,,,,
194,386,,,,
234,384,,,,
504,378,,,,
111,375,,,,
738,375,,,,
552,374,,,,
844,374,,,,
706,369,,,,
711,369,,,,
896,369,,,,
128,369,,,,
341,369,,,,
756,369,,,,
876,369,,,,
886,369,,,,
365,368,,,,
973,365,,,,
386,358,,,,
772,349,,,,
1016,347,,,,
359,347,,,,
393,345,,,,
135,345,,,,
463,336,,,,
444,336,,,,
245,335,,,,
467,325,,,,
1045,322,,,,
396,322,,,,
442,322,,,,
832,318,,,,
694,318,,,,
827,315,,,,
342,314,,,,
154,309,,,,
952,305,,,,
965,305,,,,
824,305,,,,
435,305,,,,
508,305,,,,
79,300,,,,
907,295,,,,
520,293,,,,
217,289,,,,
254,289,,,,
1015,289,,,,
361,289,,,,
1011,289,,,,
436,289,,,,
559,289,,,,
370,287,,,,
184,285,,,,
742,281,,,,
781,281,,,,
377,277,,,,
385,271,,,,
240,264,,,,
130,264,,,,
933,263,,,,
787,257,,,,
100,253,,,,
975,251,,,,
138,250,,,,
41,249,,,,
117,248,,,,
48,245,,,,
657,245,,,,
989,244,,,,
984,244,,,,
2,240,,,,
236,240,,,,
331,239,,,,
979,234,,,,
924,230,,,,
651,229,,,,
1002,229,,,,
1102,227,,,,
878,227,,,,
211,225,,,,
963,225,,,,
1003,224,,,,
499,224,,,,
289,223,,,,
37,221,,,,
137,220,,,,
403,217,,,,
999,217,,,,
860,216,,,,
85,212,,,,
1101,206,,,,
1026,205,,,,
1104,203,,,,
97,203,,,,
875,202,,,,
1010,202,,,,
34,202,,,,
252,202,,,,
798,200,,,,
715,199,,,,
103,198,,,,
162,191,,,,
1029,190,,,,
1099,190,,,,
212,189,,,,
817,185,,,,
416,184,,,,
1071,182,,,,
623,181,,,,
169,179,,,,
482,178,,,,
308,176,,,,
913,176,,,,
337,176,,,,
724,175,,,,
850,173,,,,
593,173,,,,
7,172,,,,
643,172,,,,
683,171,,,,
360,171,,,,
629,169,,,,
31,167,,,,
315,166,,,,
937,166,,,,
477,164,,,,
133,164,,,,
800,162,,,,
366,161,,,,
857,161,,,,
825,159,,,,
287,158,,,,
63,156,,,,
473,153,,,,
596,151,,,,
943,150,,,,
627,149,,,,
195,145,,,,
1035,145,,,,
5,143,,,,
849,142,,,,
1040,140,,,,
352,140,,,,
1087,140,,,,
321,139,,,,
699,137,,,,
351,137,,,,
801,137,,,,
677,136,,,,
539,135,,,,
255,135,,,,
203,130,,,,
919,130,,,,
535,130,,,,
930,129,,,,
1047,128,,,,
476,128,,,,
3,127,,,,
1103,127,,,,
157,126,,,,
170,123,,,,
367,122,,,,
110,122,,,,
762,122,,,,
519,115,,,,
106,114,,,,
363,114,,,,
318,112,,,,
779,110,,,,
191,109,,,,
1065,109,,,,
269,108,,,,
673,108,,,,
577,108,,,,
702,108,,,,
958,108,,,,
247,108,,,,
856,107,,,,
172,107,,,,
282,107,,,,
641,106,,,,
209,106,,,,
443,104,,,,
462,103,,,,
399,102,,,,
1061,102,,,,
823,102,,,,
662,101,,,,
95,101,,,,
1024,101,,,,
267,101,,,,
171,100,,,,
834,98,,,,
145,97,,,,
260,96,,,,
53,96,,,,
380,96,,,,
572,96,,,,
859,94,,,,
527,94,,,,
132,94,,,,
136,94,,,,
75,93,,,,
950,92,,,,
861,90,,,,
778,89,,,,
497,89,,,,
383,88,,,,
567,88,,,,
609,88,,,,
92,87,,,,
274,86,,,,
20,86,,,,
374,85,,,,
381,84,,,,
330,83,,,,
733,83,,,,
836,83,,,,
190,83,,,,
874,83,,,,
81,83,,,,
91,83,,,,
890,83,,,,
205,83,,,,
882,83,,,,
488,83,,,,
691,83,,,,
1062,80,,,,
986,79,,,,
158,77,,,,
667,77,,,,
395,77,,,,
241,77,,,,
568,77,,,,
750,77,,,,
24,76,,,,
599,75,,,,
17,75,,,,
148,75,,,,
126,73,,,,
489,73,,,,
970,72,,,,
650,70,,,,
433,69,,,,
502,69,,,,
576,68,,,,
871,68,,,,
39,68,,,,
760,67,,,,
534,63,,,,
358,62,,,,
1063,62,,,,
1020,62,,,,
1019,62,,,,
557,62,,,,
412,58,,,,
388,58,,,,
150,57,,,,
995,56,,,,
18,55,,,,
582,53,,,,
983,53,,,,
414,53,,,,
263,52,,,,
371,51,,,,
1023,51,,,,
1100,51,,,,
877,50,,,,
923,49,,,,
187,48,,,,
266,47,,,,
870,47,,,,
166,46,,,,
855,46,,,,
303,46,,,,
345,44,,,,
232,43,,,,
537,43,,,,
514,42,,,,
394,42,,,,
1030,42,,,,
27,42,,,,
449,40,,,,
579,39,,,,
304,39,,,,
816,38,,,,
940,38,,,,
843,38,,,,
632,37,,,,
718,37,,,,
1089,36,,,,
437,35,,,,
1069,35,,,,
147,34,,,,
21,34,,,,
1085,33,,,,
626,33,,,,
309,32,,,,
885,32,,,,
248,32,,,,
590,32,,,,
200,31,,,,
840,31,,,,
525,30,,,,
272,30,,,,
864,29,,,,
721,29,,,,
428,28,,,,
670,28,,,,
838,28,,,,
682,28,,,,
239,28,,,,
564,28,,,,
425,28,,,,
82,27,,,,
146,26,,,,
43,25,,,,
44,24,,,,
757,24,,,,
1082,24,,,,
1005,23,,,,
183,23,,,,
301,23,,,,
990,21,,,,
615,21,,,,
812,20,,,,
616,20,,,,
218,20,,,,
353,20,,,,
67,19,,,,
55,18,,,,
1076,18,,,,
692,18,,,,
741,18,,,,
918,18,,,,
310,17,,,,
182,17,,,,
440,17,,,,
485,17,,,,
167,15,,,,
666,14,,,,
285,14,,,,
954,14,,,,
799,14,,,,
426,14,,,,
56,14,,,,
507,14,,,,
601,14,,,,
180,14,,,,
174,13,,,,
967,13,,,,
820,13,,,,
1049,12,,,,
276,12,,,,
791,11,,,,
511,10,,,,
129,10,,,,
229,10,,,,
528,10,,,,
516,10,,,,
78,9,,,,
357,9,,,,
261,8,,,,
498,8,,,,
368,8,,,,
1072,8,,,,
532,7,,,,
565,7,,,,
926,7,,,,
633,7,,,,
4,7,,,,
700,7,,,,
1039,7,,,,
770,6,,,,
427,5,,,,
872,5,,,,
531,5,,,,
391,5,,,,
556,5,,,,
598,4,,,,
1088,4,,,,
471,4,,,,
883,3,,,,
58,3,,,,
703,3,,,,
1018,2,,,,
712,2,,,,
968,2,,,,
494,2,,,,
1027,2,,,,
530,1,,,,
57,1,,,,
744,1,,,,
1091,1,,,,
1046,1,,,,
424,1,,,,
472,1,,,,
769,1,,,,
244,1,,,,
288,1,,,,
312,1,,,,
782,1,,,,
722,1,,,,
522,1,,,,
634,1,,,,
,,,,,
total_categories,,,,,
1669,,,,,
,,,,,
categoryid,parentid,,,,
231,NULL,,,,
791,NULL,,,,
1490,NULL,,,,
431,NULL,,,,
755,NULL,,,,
378,NULL,,,,
1579,NULL,,,,
1394,NULL,,,,
659,NULL,,,,
1057,NULL,,,,
859,NULL,,,,
803,NULL,,,,
250,NULL,,,,
1452,NULL,,,,
1182,NULL,,,,
1692,NULL,,,,
1600,NULL,,,,
1482,NULL,,,,
1224,NULL,,,,
1532,NULL,,,,
395,NULL,,,,
653,NULL,,,,
140,NULL,,,,
1698,NULL,,,,
679,NULL,,,,
